{"requestedSensors":"[{\"Item1\":\"AMD Ryzen 7 7730U with Radeon Graphics\",\"Item2\":\"Load\",\"Item3\":\"CPU Core #1_Load\"},{\"Item1\":\"AMD Ryzen 7 7730U with Radeon Graphics\",\"Item2\":\"Load\",\"Item3\":\"CPU Core #2_Load\"},{\"Item1\":\"AMD Ryzen 7 7730U with Radeon Graphics\",\"Item2\":\"Load\",\"Item3\":\"CPU Core #3_Load\"},{\"Item1\":\"AMD Ryzen 7 7730U with Radeon Graphics\",\"Item2\":\"Load\",\"Item3\":\"CPU Core #4_Load\"},{\"Item1\":\"AMD Ryzen 7 7730U with Radeon Graphics\",\"Item2\":\"Load\",\"Item3\":\"CPU Core #5_Load\"},{\"Item1\":\"AMD Ryzen 7 7730U with Radeon Graphics\",\"Item2\":\"Load\",\"Item3\":\"CPU Core #6_Load\"},{\"Item1\":\"AMD Ryzen 7 7730U with Radeon Graphics\",\"Item2\":\"Load\",\"Item3\":\"CPU Core #7_Load\"},{\"Item1\":\"AMD Ryzen 7 7730U with Radeon Graphics\",\"Item2\":\"Load\",\"Item3\":\"CPU Core #8_Load\"},{\"Item1\":\"AMD Ryzen 7 7730U with Radeon Graphics\",\"Item2\":\"Load\",\"Item3\":\"CPU Core #9_Load\"},{\"Item1\":\"AMD Ryzen 7 7730U with Radeon Graphics\",\"Item2\":\"Load\",\"Item3\":\"CPU Core #10_Load\"},{\"Item1\":\"AMD Ryzen 7 7730U with Radeon Graphics\",\"Item2\":\"Load\",\"Item3\":\"CPU Core #11_Load\"},{\"Item1\":\"AMD Ryzen 7 7730U with Radeon Graphics\",\"Item2\":\"Load\",\"Item3\":\"CPU Core #12_Load\"},{\"Item1\":\"AMD Ryzen 7 7730U with Radeon Graphics\",\"Item2\":\"Load\",\"Item3\":\"CPU Core #13_Load\"},{\"Item1\":\"AMD Ryzen 7 7730U with Radeon Graphics\",\"Item2\":\"Load\",\"Item3\":\"CPU Core #14_Load\"},{\"Item1\":\"AMD Ryzen 7 7730U with Radeon Graphics\",\"Item2\":\"Load\",\"Item3\":\"CPU Core #15_Load\"},{\"Item1\":\"AMD Ryzen 7 7730U with Radeon Graphics\",\"Item2\":\"Load\",\"Item3\":\"CPU Core #16_Load\"},{\"Item1\":\"AMD Ryzen 7 7730U with Radeon Graphics\",\"Item2\":\"Load\",\"Item3\":\"CPU Total_Load\"},{\"Item1\":\"AMD Ryzen 7 7730U with Radeon Graphics\",\"Item2\":\"Load\",\"Item3\":\"CPU Core Max_Load\"},{\"Item1\":\"AMD Ryzen 7 7730U with Radeon Graphics\",\"Item2\":\"Power\",\"Item3\":\"Package_Power\"},{\"Item1\":\"AMD Ryzen 7 7730U with Radeon Graphics\",\"Item2\":\"Power\",\"Item3\":\"Core #1 (SMU)_Power\"},{\"Item1\":\"AMD Ryzen 7 7730U with Radeon Graphics\",\"Item2\":\"Power\",\"Item3\":\"Core #2 (SMU)_Power\"},{\"Item1\":\"AMD Ryzen 7 7730U with Radeon Graphics\",\"Item2\":\"Power\",\"Item3\":\"Core #3 (SMU)_Power\"},{\"Item1\":\"AMD Ryzen 7 7730U with Radeon Graphics\",\"Item2\":\"Power\",\"Item3\":\"Core #4 (SMU)_Power\"},{\"Item1\":\"AMD Ryzen 7 7730U with Radeon Graphics\",\"Item2\":\"Power\",\"Item3\":\"Core #5 (SMU)_Power\"},{\"Item1\":\"AMD Ryzen 7 7730U with Radeon Graphics\",\"Item2\":\"Power\",\"Item3\":\"Core #6 (SMU)_Power\"},{\"Item1\":\"AMD Ryzen 7 7730U with Radeon Graphics\",\"Item2\":\"Power\",\"Item3\":\"Core #7 (SMU)_Power\"},{\"Item1\":\"AMD Ryzen 7 7730U with Radeon Graphics\",\"Item2\":\"Power\",\"Item3\":\"Core #8 (SMU)_Power\"},{\"Item1\":\"AMD Ryzen 7 7730U with Radeon Graphics\",\"Item2\":\"Clock\",\"Item3\":\"Core #1_Clock\"},{\"Item1\":\"AMD Ryzen 7 7730U with Radeon Graphics\",\"Item2\":\"Clock\",\"Item3\":\"Core #2_Clock\"},{\"Item1\":\"AMD Ryzen 7 7730U with Radeon Graphics\",\"Item2\":\"Clock\",\"Item3\":\"Core #3_Clock\"},{\"Item1\":\"AMD Ryzen 7 7730U with Radeon Graphics\",\"Item2\":\"Clock\",\"Item3\":\"Core #4_Clock\"},{\"Item1\":\"AMD Ryzen 7 7730U with Radeon Graphics\",\"Item2\":\"Clock\",\"Item3\":\"Core #5_Clock\"},{\"Item1\":\"AMD Ryzen 7 7730U with Radeon Graphics\",\"Item2\":\"Clock\",\"Item3\":\"Core #6_Clock\"},{\"Item1\":\"AMD Ryzen 7 7730U with Radeon Graphics\",\"Item2\":\"Clock\",\"Item3\":\"Core #7_Clock\"},{\"Item1\":\"AMD Ryzen 7 7730U with Radeon Graphics\",\"Item2\":\"Clock\",\"Item3\":\"Core #8_Clock\"},{\"Item1\":\"AMD Ryzen 7 7730U with Radeon Graphics\",\"Item2\":\"Factor\",\"Item3\":\"Core #1_Factor\"},{\"Item1\":\"AMD Ryzen 7 7730U with Radeon Graphics\",\"Item2\":\"Factor\",\"Item3\":\"Core #2_Factor\"},{\"Item1\":\"AMD Ryzen 7 7730U with Radeon Graphics\",\"Item2\":\"Factor\",\"Item3\":\"Core #3_Factor\"},{\"Item1\":\"AMD Ryzen 7 7730U with Radeon Graphics\",\"Item2\":\"Factor\",\"Item3\":\"Core #4_Factor\"},{\"Item1\":\"AMD Ryzen 7 7730U with Radeon Graphics\",\"Item2\":\"Factor\",\"Item3\":\"Core #5_Factor\"},{\"Item1\":\"AMD Ryzen 7 7730U with Radeon Graphics\",\"Item2\":\"Factor\",\"Item3\":\"Core #6_Factor\"},{\"Item1\":\"AMD Ryzen 7 7730U with Radeon Graphics\",\"Item2\":\"Factor\",\"Item3\":\"Core #7_Factor\"},{\"Item1\":\"AMD Ryzen 7 7730U with Radeon Graphics\",\"Item2\":\"Factor\",\"Item3\":\"Core #8_Factor\"},{\"Item1\":\"AMD Ryzen 7 7730U with Radeon Graphics\",\"Item2\":\"Voltage\",\"Item3\":\"Core #1 VID_Voltage\"},{\"Item1\":\"AMD Ryzen 7 7730U with Radeon Graphics\",\"Item2\":\"Voltage\",\"Item3\":\"Core #2 VID_Voltage\"},{\"Item1\":\"AMD Ryzen 7 7730U with Radeon Graphics\",\"Item2\":\"Voltage\",\"Item3\":\"Core #3 VID_Voltage\"},{\"Item1\":\"AMD Ryzen 7 7730U with Radeon Graphics\",\"Item2\":\"Voltage\",\"Item3\":\"Core #4 VID_Voltage\"},{\"Item1\":\"AMD Ryzen 7 7730U with Radeon Graphics\",\"Item2\":\"Voltage\",\"Item3\":\"Core #5 VID_Voltage\"},{\"Item1\":\"AMD Ryzen 7 7730U with Radeon Graphics\",\"Item2\":\"Voltage\",\"Item3\":\"Core #6 VID_Voltage\"},{\"Item1\":\"AMD Ryzen 7 7730U with Radeon Graphics\",\"Item2\":\"Voltage\",\"Item3\":\"Core #7 VID_Voltage\"},{\"Item1\":\"AMD Ryzen 7 7730U with Radeon Graphics\",\"Item2\":\"Voltage\",\"Item3\":\"Core #8 VID_Voltage\"},{\"Item1\":\"AMD Ryzen 7 7730U with Radeon Graphics\",\"Item2\":\"Voltage\",\"Item3\":\"Core (SVI2 TFN)_Voltage\"},{\"Item1\":\"AMD Ryzen 7 7730U with Radeon Graphics\",\"Item2\":\"Voltage\",\"Item3\":\"SoC (SVI2 TFN)_Voltage\"},{\"Item1\":\"AMD Ryzen 7 7730U with Radeon Graphics\",\"Item2\":\"Temperature\",\"Item3\":\"Core (Tctl/Tdie)_Temperature\"}]","pollingRate":"1000"}